"Timestamp","Username","Age Group","Your Location","Gender","Whom you would prefer to travel along with ","
Can you tell me about the experience ""What most liked""/What most dislike during last travel  you took with your friends? ","
Who usually initiates trip plans in your group, and how? ","
How do you all communicate and finalize the plan? (e.g., WhatsApp, Docs) ","
What kind of trips do you usually prefer? ","
How do you choose places to stay or eat when you arrive? ","What other factors matter most for you other than food/stay","
During travel planning, what frustrates you most? ","
Have you ever felt left out or overwhelmed during coordination or organizing travel plan?","Can you describe what happened or why you felt left out? ","
Does the person who initiates the trip enjoy it as much as others? Why or why not? ","
Have you had a situation where food/place choice didn’t work out? What happened? ","
How do you handle trip expenses with friends? Any awkward moments? ","
If there were a better way to plan travel trips together, what would it look like for you? ","What challenges do you face in coordinating group decisions on places, activities, or finalizing plans?"" ","
What would make you contribute more actively to trip planning? ","What would a perfect travel experience look like to you — from the moment it’s planned to when it ends?","What significant improvements or changes would convince you to rely on a tool for group travel?""","",""
"2025/05/28 11:02:26 PM GMT+5:30","krithisubbu08@gmail.com","36","Chennai","Female","","Had good fun. We covered lots of traveler spots.","My colleague, who is a travel freak.","WhatsApp","Nature","Reviews posted by already travelled people.","Smooth travel and hygiene.","When there is a deviation than the actual itenary.","Yes","My plan was not included and the reason given was not satisfactory.","Yes, as his main focus is only travelling.","Yes, last minutes changes had us go without food.","No, we plan beforehand on the expenses.","Better options","","Excitement about the location","Good of dream comes true.","Yes, should have all the best possible options ","Yes","Krithika Subramanian"
"2025/05/29 6:20:34 AM GMT+5:30","rajesrk89@gmail.com","36","Pollachi ","Male","","Food / crowd","Friend","WhatsApp ","Nature","Stay and food based on reference ","Climate ","Traffic and lengthy travel time ","Yes","","Yes","","Pre alignment to share expenses per head ","Kind of itenery ","","Time","Good food, climate and gatherings ","Definitely it will be much easier ","Yes","Rajesh Kumar S"
"2025/05/29 7:52:04 AM GMT+5:30","crln.28@gmail.com","31-35","Coimbatore","Male","","I liked doing some adventure sports like parasailing, snorkeling, swimming in the ocean and roaming the streets with my friends. I disliked when i started raining and one of teh places which we visited didn't match our expectation.","The location is decided 6 months early and agreed with group. List of places to visit is filtered depending on reviews and feedback from websites. We have a common discussion after trimming down the list.","Google Drive, WhatsApp, Wanderlog","Nature","We check for famous cuisines for that city / place and decide on a restaurant based on Google reviews.","Location of stay should be close to city to find communte and close to a torist spot where access is easier","Getting everyone together","Yes","Sometimes no one responds since they might be busy / lazy to even check and respond for messages.","Once the trip starts, everyone enjoys the trip. The ""left-out"" scenario happens only till the trip is trip begins.","Most of the places, food / place was very good as the feedback from Google helped us. During one time, we felt we had paid a hefty amount for a stay.","We handle it with Split wise and convert to Excel to double check. During one instance, we had an issue that one friend was not happy that we didn't settle the money then and there and had to pay a big amount later. And, one more instance, a friend was always settling in cash as he was in business and it was difficult for Others to transfer back to bank account.","An app which already provides customized plan for a trip depending on number of days, nature of trip [adventure, leisure, nature, etc,.], number of people and location to stay.","","Enthusiasm","Fun with the group during the trip. That always happens though the trip planning and settlement was difficult.","Already mentioned above. An app which already provides customized plan for a trip depending on number of days, nature of trip [adventure, leisure, nature, etc,.], number of people and location to stay.","Yes","Lakshminarayanan C R"
"2025/05/29 8:42:42 AM GMT+5:30","csivakum@gmail.com","36","Chennai ","Male","","I liked my Goa trip with my friends and it was so good and enjoyable. The dislike was not adequate time ","Me","WhatsApp Group ","Leisure","Through travel sites and word of mouth ","Lack of crowd and non season times","Lack of co-operation or delay in response by the group","Yes","NA","Absolutely ","Yes at times, as a vegetarian I find it difficult sometimes to get a good vegetarian hotel to have my preferred food","It's so easy with Splitwise app","More time to plan and on a lighter note, post retirement it will be easy!!!","","Co-operation ","All the group members join without any absentees ","Yes, it should be one place to give all suggestions on Place, Mode of transport, food, sight seeing places etc","Yes","Siva"
"2025/05/29 9:49:06 AM GMT+5:30","s.dineshsekar@gmail.com","31-35","Coimbatore Saravanampatti","Male","","Most liked i that Fun during trips with friends, Most dislike is the travel fly time","Colleague of mine and via whatsapp group chat","Whatsapp","Leisure","We google and check near by stay via reviews. Visit reliable apps like AirBNB, Booking.com etc and compare prices and reviews","comfort and harmony","sometimes when what you see via pic and actual reality about tourist places are difference, its upsets. Also the climate mostly frustrates us not to enjoy the fullest.","No","Sometimes if not included and everything is decided i feel happy that everything is taken care and i need just to enjoy my trip during planning","yes he does","yes sometimes food doesnt work out. maybe due to false reviews or wrong choice","Nope. Splitwise we do enter all expenses from the onward taxi and return. No concerns ","A great offer. But then price also matters. Since there are apps like make my trip and others who provide packages, but the price is too high when we ourselves book travel and stay.","","Excitement","Entire Europe Countries visit with Family","yes offcourse. App should be reliable, Economical, and User Friendly","Yes","Dinesh Sekar"
"2025/05/29 10:44:30 AM GMT+5:30","sivas99r@gmail.com","31-35","Coimbatore ","Male","","I was liked all the stays (village and mountain)/ I don’t liked the food especially dinner.","Most of the time my friend and sometimes myself.","WhatsApp and phone call.","Adventure","From website and friends suggestions ","Connected transport and little knowledge of local language ","Few people have travel sickness and few not gell with new friends ","No","","He didn’t enjoy as much others because he have responsibilities for take care all the accommodations.","Yes , due to weather changes we cannot predict the food and places ","Post trip someone calculated and share it 
Some people not accepting for common expenses where they are not part of it.","Yes I’m always like to plan together ","","I want to escape from my routine life ","Travel with collaborators ","Yes it very useful for us","Yes","Siva"
"2025/05/30 8:05:36 AM GMT+5:30","jayashreekumar06@gmail.com","26-30","Chennai ","Female","Family","The most liked thing in my last trip with my friends was exploring news places with them and the fun that we had during that time ","Our planning would be a split one would arrange the food one would arrange the stay and it goes on like that","WhatsApp/calls","Nature","Mostly based  online reviews of the stay","Places and cost to travel ","Finding vegitarian food","No","","Probably not as they may be busy in execution rather than living in the moments ","Yes...food choices would go wrong at times and we have to manage the situation ","Everything is a split ","Better plans means more places as of to me","","Post planning we have the real happiness so that pushes us","A dream travel of mine should be like hussle free travel ","Yesss","Yes","Jayashree Kumar "
"2025/05/30 8:46:54 AM GMT+5:30","nkamala2001@gmail.com","36+","Arumbakkam ","Female","Family","Most liked place is Kovai and ooty ","My husband ","Person to person ( one on one communication ","Nature","Google ","Atmosphere ","Traffic ","No","Nil","Yes ","Nil","Nil ","Thinking ","","Cosmetic dresses","Awesome ","Nil","Yes","Kamala Narayanan "
"2025/05/30 8:53:42 AM GMT+5:30","nkamala2001@gmail.com","36+","Arumbakkam ","Female","Bachelors (Friends/relatives)","Kodaikanal ","Myself ","One on one","Nature","Romantic ","Cosmetic dresses","Traffic ","No","Nil","Nil","Punjabi dhaba ","Nil","Nil","","Money ","Mind blowing ","Nil","Yes","P SATHIYA "
"2025/05/30 10:41:02 AM GMT+5:30","mirunalini91@yahoo.com","31-35","Coimbatore ","Female","Family","The place where we choose is stay(resort/Air BnB) is most liked.. skipping tourist places is most disliked.. ","Me ","What’s app ","Nature","Google reviews ","Places nearby - activities/tourist spots should be near to our stay ","Should be under affordable by all set of friends - if we are planning with friends ","No","Never felt left out","Yes, we do enjoy if it’s well planned ","I always prefer Indian food where ever we go ","Any spend made during the trip will be noted and shared later.","Good travel plan ","","Time ","Well planned peaceful trip ","Yes","Yes","Mirunalini Mahesh"
"2025/06/18 1:35:22 AM GMT+5:30","raj.attaluri6@gmail.com","31-35","Bangalore","Male","Bachelors (Friends/relatives)","We like the places we visited. Food availability for vegetarians is a big disaster.","My friend","Whatsapp","Leisure","Depends on time and availability","Guide in that local area","Getting acceptance from all","No","I did not felt left out","Yes","No, we always manage","No","No idea as of now","","Strategy in travelling","Never thought about that","I can try","No",""
"2025/06/18 10:28:16 AM GMT+5:30","avinashjami123@gmail.com","26-30","Vishakhapattanam","Male","Family","I would like visit new places and dislike thing I travel is food. ","My friends","WhatsApp","Nature","By Google","The culture of that place","Travel time","Yes","","Yes, the person who initiates the travel is already a travel lover. So definitely he will njoy more than others","Yes so many times. Sometimes the food at a particular may be not good. We have to adjust","We use applications like splitwise. No awkward moments till now. ","Yes definitely I feel better, if someone is planning for trip","","If they want me give any ideas I am definitely will participate. ","With good food and culture of that place","Yes, I am not sure on those type of apps","Yes",""
"2025/06/21 7:44:37 PM GMT+5:30","Ceosritanaya24@gmail.com","18-21","Bangalore ","Male","Family","Not applicable (I have never been out with friends)","I do it when we plan for some normal outings ","WhatsApp group","Adventure","Based on the hygiene ","Distance and time ","Coordinating with everyone ","Yes","They selected the place which i dint like ","Yes, because everything is going according to his plan ","When we go to some remote nature side places ","Share it equally ","Not ideally","Matching the dates ","Parents approval ","Everything ease without changes ","Tool to help match everyone's dates ","",""
"2025/06/22 9:30:10 PM GMT+5:30","kmsiri@gmail.com","36+","Bangalore ","Female","Family","Liked time together moments and disliked flight delays ","Usually youngsters","WhatsApp and email","Leisure","Comfortable ","Private,no pets","Compatibility of fellow travellers ","No","","Yes because there will be detailed planning and then satisfaction when executed perfectly ","","Nothing yet..we divide equally ","Mostly travel firms","Compatibility,trust issues ","Beautiful attentive and adjustable ","No issues anywhere and always comfortable ","Taking feedback and providing relief then and there only","",""
"2025/06/25 7:30:36 AM GMT+5:30","prashant.hiremat@gmail.com","36+","Kalyan West ,dist Thane ","Male","Bachelors (Friends/relatives)","Likes - Nature and hotel ambience and welcome methods 

Dislike - poor hygiene , waiting time ","Self and thro phone call or whatsapp ","What's app","Leisure","Hotels based on hygiene ","Easy travel and timley available transport ","Baggage ","Yes","Many reasons ,case to case are different ","Yes ","Yes","Normal excel sheet ","Clear detailed activity plan with ,date ,time , contact person , guides etc","Multiple choices by multiple persons ","Be activat in group ","Depends , many factors are there ","Detailed planning and  execution ","",""
"2025/06/25 8:33:24 AM GMT+5:30","khushbu.c.patel@gmail.com","36+","Bangalore","Female","Family","The nature we liked the most
The road journey through mountain roads we disliked ","Me - 2 trips in a year...choose destination based on best time to visit feedback","Whatsapp","Nature","Based on blogs we decide itenary for a place...what to cover and what to skip...the best location to stay ideas can be retrieved by discussing with 4-5 travel agents and packages they share","The distance, road condition, vehicle, driver,  locals, surroundings ","Selection of hotels and package","No","Love to plan","Not as I know most of the places by seeing videos ","Yes if we go with package and dont customize","No...sorted...one person bare all exense and keep separate wallet ","Help during planning phase","No issue ...decide together","Passion","Good food, nice stay, perfect location, various activities","Agent should have visited the place to guide better","",""
"2025/06/25 4:51:28 PM GMT+5:30","lararajen@gmail.com","36+","Bangalore ","Female","Family","Most liked is the sightseeing,  the eating experience in different restaurants and the culture of the place. Most disliked is the flight journey and the transition time","My husband usually. Starts with a discussion about which place we would like to travel to this vacation. The time period , booking the flight tickets, hotels ","Whatsapp and docs","Cultural Heritages","Browsing through different sites on google","Good , memrable places for sightseeing.  Clean places","How to choose best places to visit","No","","Not always.  Too stressful","","Usually travel with family ","Someone to take care of all the bookings and chose the best sightseeing spots off the beaten track","Not applicable ","Good websites and reviews","Enjoyable stress free time","Ease of use of the tool","",""
"2025/06/26 11:07:53 PM GMT+5:30","prinkeshgiri@gmail.com","31-35","Banglore","Male","Family","Most important thing is to have fun when you travel with friends. Dislike is basically train delays","Friends. ","Mostlly call but some time whatsApp","Nature","Air bnb, travel agency","Location; nature; and peace","Price difference","No","Plan got cancelled at the last moment and no one informed me about it","Yes. Because he has all the money and he plans how to and where to invest","Hotel reception person told us that the booking is cancelled","We use splitwise","Proper coordination ","Mood swings","Likeable place","Smooth","Proper coordination and finaces","",""
"2025/06/26 11:09:20 PM GMT+5:30","manideep407@gmail.com","31-35","Vijayawada ","Male","Bachelors (Friends/relatives)","Journey in train most memorable ","Myself","Whatsapp","Nature","By enquiry with well wishers & searching in google","Mode of transport","Inaccurate plannning & time","Yes","Punctuality & timing","Yeah because it was with most close friends which makes every one comfortable and enjoy every moment","Sometimes which depends on the place but we will adjust atmost.","Some weird moments will exist in every trip but those will be memorable/shouldn't happen other time.","Itenary","Making all of them to come on one single option by explaining very clearly to each.","Planning","By the end of the trip if every one was fully satisfied with the plan the feel of experience i like the most","Budget","",""
"2025/06/26 11:09:39 PM GMT+5:30","deepusmart.jlm@gmail.com","31-35","Vijayawada","Male","Bachelors (Friends/relatives)","Spending time with buddies ","Everyone takes initiative and share the work","Whatsapp and mobile ","Leisure","Hygiene","Communication ","Adjusting budget","No","","May be","","Transparent spending ","Spending peaceful time ","Making everyone satisfied ","Memories","Everyone Being safe and making experiences","One should adjust at some situations ","",""
"2025/06/26 11:10:46 PM GMT+5:30","lohithmahankali123@gmail.com","18-21","Bangalore ","Male","Solo","Most liked was going and exploring the tourist places and dislike is we didn't planned properly ","My friend ","WhatsApp ","Adventure","Review over internet ","Ammenties offering in stay","Nothing ","Yes","Iam generally not into photographs so when we visit tourist spots all my friends will go take photos at various places ","Yes","No","No we would have estimate budget in advance and also bring some extra with that incase of budget overstimate","During long weekends I will plan  for a trip","Nothing ","Feel of having some fun time withy friends ","If it is completed as planned with no distrubance that's it","One should watch you tube videos on trips which they are planning to do that they get familiar with the trip details ","",""
"2025/06/27 7:57:57 AM GMT+5:30","debashankarn@gmail.com","36+","Bangalore ","Male","Family","Like : Traveling in car and bike. Enjoying visiting new places. Saving memories.
Dislike: Long queue to reach final destination.  Long queue for getting tokens for foods ( includes all breakfast, lunch and dinner). Huge crowd.","Wife / Relatives","Watsappp / Meetings","Leisure","It's planned or booked where to stay. Generally hotel stay food ","Safety.  It should not be crowded. ","Checkin time . You mostly don't reach by checking time. Some provision must be there to make it  flexible. ","No","I don't take part. Its all collaboration of relatives in family trip. ","If duties are devided, no issues. Single person cannot manage all areas.","It always happens when you have vegetarian companion along with non vegetarian.  We need to look for buffet , otherwise  if no choice keep looking for veg restaurant which is rare when you travel.","No , apps are available to split and keeps adding individual expenses. If not keep all the bills and then after end of trip,  have a closure meeting and discuss the expenses","If all end to end coverage is taken care with minimal expenses. ","Different people have Different tastes. All need to compromise on or another.","Involvement and active participation","Na","End to end planning with multiple options. ","",""
"2025/06/27 10:34:29 AM GMT+5:30","pranavnbr0620@gmail.com","22-25","Bangalore ","Male","Bachelors (Friends/relatives)","Feels no restriction and freedom ","General discussion ","General discussion ","Nature","General web search and talking to localite","Place ","When place doesn't meet my Expectation","Yes","Difference in opinion ","Yes","","No","General discussion ","Personal preferences ","Feel of exploration ","Enjoy all moments ","Absence of Knowledge ","",""
"2025/06/28 10:36:24 AM GMT+5:30","hemanthareddy2@gmail.com","22-25","Bengaluru","Female","Bachelors (Friends/relatives)","Most liked - We are a gang of people who like trekking/hiking instead of just visiting sight seeing places.

Most Disliked - Since we were group of 6 girls, some of the hotels the travel company booked for us were very remote with literally no shops or other buildings around.","I usually initiate and I look at travel websites like Thrillophilia and others to see the itineraries and compare the prices.","Whatsapp","Nature","We generally check the ratings on Google or apps like booking.com","The vehicle we travel in should be comfortable for all especially in case of long journeys.","Lack of responses from travel companies.","No","","Not really because they are the ones who keep getting multiple calls from travel companies at odd hours.","","We use splitwise to track every small expense","An itinerary clearly stating what time we need to start and the number of hours it takes to reach a place so that we can plan visits accordingly.","Different people like different kinds of activities for example some might be into temples while some might be into wildlife parks.","Knowing more about the places like historical importantance or significance of the places we are going to visit.","Knowing the exact itinerary with the amount of time to spend at each place and the breaks we get in between especially with washrooms in remote places.","A tool which can roughly estimate the entire trip cost, suggest best flights and best places.","",""
"2025/06/28 11:11:32 AM GMT+5:30","goyalankita91@gmail.com","31-35","Bengaluru","Female","Bachelors (Friends/relatives)","I liked the company of my friends and the place was great. The one thing i disliked was how tiring long road travels can be","When we are socially hanging out, whoever has an idea , shares it there and then. Thats how the plan floats. ","Whatsapp groups","Nature","Place to stay should be comfortable and location should be good. And places to eat are usually decided by searching for it on internet, the best rated places","The uniqueness of the tourist place, ways to commute","Getting everyone onboard for hotel selection","No","NA","Yes. ","Yes. In pondicherry once we booked a highly rated hotel , but when we went there in person the room eas really dark and depressing and not worth the amount we paid for it at all","We use splitwise for it . Nothing awkward","Nothing i guess coordination is the unmissable part and most exhausting too","Different people have different views on everything","If the place is really exciting and is in one of my dream destinations , i would do everything to make the trip happen","Smooth planning, food and hotel turn out good, the tourist place lives upto its expectations, the trip should be comfortable ","A platform where some boards are there, everyone can share their choices , something like that maybe","",""
"2025/06/28 11:32:01 AM GMT+5:30","shaachi.singh@gmail.com","36+","Bengaluru","Female","Family","It was a good family trip . No bad experiences as such","I do","Calls","Leisure","","Both food and stay","Wait time","No","","Yes","","No , we split","Everything works right now. Don't see any gaps","Nothing as such","I do contribute as much I can","Comfort","Not sure ","",""
"2025/06/28 4:43:26 PM GMT+5:30","drswethavh@gmail.com","36+","Kolhapur","Female","Bachelors (Friends/relatives)","I liked the hospitality of hotels food and other facility,  I disliked too much of journey and in too much of crowdy area to wait for our turns to get the chance .","Me and my friends , according to free and convinient time and days","Through wats up and conference call.","Leisure","Calm and soothing places","Healthy and jovial environment ..peace of mind","Dates...doesnt match with all .","No","Nothing of this type","Yes...but bit responsibility taken might not make him or her as much as free as others","Yes too spicy and crowdy area","As such no such situation ..if so borrowing from friends","Hilly and good resorts ","Safety and togetherness","Involvement of friends and ideas shared","Happy and cherished moments spent with family and friends","Social media , and tourism apps ","",""
"2025/06/28 5:08:02 PM GMT+5:30","sushmasghali@gmail.com","36+","Gulbarga ","Female","Family","Everything ","Husband","Whatsapp","Adventure","Comfortable ","Hospitality ","Flights ","No","No","No","Got alternative ","No","No","Different opinions ","Plsaces","Nothing specific ","No","",""